sku,product_name,forecast,current_sales,inventory,production_needed,priority
8053,Envase desodorante push kraft - 5 Unidades,70.0,0.0,0.0,70.0,MEDIA
8093,Botella Atomizador de Gatillo PET Ambar 250 ml - 1 Unidad,32.0,0.0,0.0,32.0,MEDIA
6038,Envase PET 250 mL Transparente Gatillo - 1 Unidad,25.0,0.0,0.0,25.0,MEDIA
58511,Base Shampoo Sólido Pre Cortada - 1 Kg,13.0,0.0,0.0,13.0,BAJA
9112,"Mechas para vela con núcleo de algodón - 6 cm, 10 Unidades",13.0,0.0,0.0,13.0,BAJA
58091,Mica Oro - 8 gr,33.0,2.0,18.0,13.0,BAJA
609227,Molde Silicona Maravilla Grande,13.0,0.0,0.0,13.0,BAJA
8044,Difusor de aromas con varitas 50ml - 1 Unidad,22.0,0.0,11.0,11.0,BAJA
6505,Sabor Aromático Algodón de Azúcar - 15 ml,11.0,0.0,0.0,11.0,BAJA
6887,"Envase Botella Ambar con Gotario 30 ml - 1 Unidad, Con Precinto",10.0,0.0,0.0,10.0,BAJA
6137,Aceite de Nuez - 500 ml,11.0,0.0,2.0,9.0,BAJA
8102,Molde Silicona Disco Redondo 8 cavidades 60 grs. aprox,8.0,0.0,0.0,8.0,BAJA
6142,Cesta ovalada 18 cm - 1 Unidad,8.0,0.0,0.0,8.0,BAJA
6106,Molde silicona panal de abeja Hexagono 60 gr aprox,6.0,0.0,0.0,6.0,BAJA
8023,Molde Silicona Discos 6 cavidades 70 grs,6.0,0.0,1.0,5.0,BAJA
645506,Molde Silicona Individual Corazon y Rosas,4.0,0.0,0.0,4.0,BAJA
7353,PT - Esencias 1L - Sandia,3.0,0.0,0.0,3.0,BAJA
6031,Pote Negro para Cremas y Exfoliantes 120ml - 1 Unidad,3.0,0.0,0.0,3.0,BAJA
6276,Glicerina Liquida Vegetal USP - 5 Litros,5.0,0.0,2.0,3.0,BAJA
6025,Pote Crema Vidrio Ambar 30ml Tapa Negra (copiar) - 1 Unidad,3.0,0.0,0.0,3.0,BAJA
5969,Base Jabón de Glicerina Stephenson Leche de Cabra - 1 Kg,3.0,0.0,0.0,3.0,BAJA
8052,Envase desodorante push kraft - 1 Unidad,3.0,0.0,0.0,3.0,BAJA
6175,Hidróxido de Sodio (Soda Cáustica) - 1 Kg,3.0,0.0,0.0,3.0,BAJA
6992,Envase Pote Crema Recto Ambar 20 ML - 1 Unidad,3.0,0.0,0.0,3.0,BAJA
5820,Base Jabón de Glicerina Stephenson Crystal - 1 kg,3.0,0.0,0.0,3.0,BAJA
7212,SCS (Sodium Coco Sulfate) - 250 gr,4.0,0.0,1.0,3.0,BAJA
9107,"Mechas para vela con núcleo de algodón - 10 cm, 10 Unidades",3.0,0.0,0.0,3.0,BAJA
6648,Jabón Artesanal Glicerina - Afrecho 100 Gr - 1 Unidad,2.0,0.0,0.0,2.0,BAJA
6984,Cera Candelilla - 500 gr,2.0,0.0,0.0,2.0,BAJA
609290,Molde Silicona Arbol de Navidad aprox. 60 gramos,2.0,0.0,0.0,2.0,BAJA
8011,Molde Transparente J051 Media Esfera Pequeña,2.0,0.0,0.0,2.0,BAJA
8036,Aceite de Semillas de Tomate - 100 ml,4.0,0.0,2.0,2.0,BAJA
6926,PT - Equipamiento - Cintas medidoras PH - 100 U,2.0,0.0,0.0,2.0,BAJA
609203,Molde silicona Navidad Arboles y Gorros,2.0,0.0,0.0,2.0,BAJA
7401,Aceite Esencial Alcanfor 10ml - Ámbar,4.0,1.0,1.0,2.0,BAJA
9010,Esencia para Velas Blend Mensaje de Amor - 100 ml,1.0,0.0,0.0,1.0,BAJA
6950,Arcilla Roja - 1 Kg,3.0,0.0,2.0,1.0,BAJA
6966,Pote Acrílico 25ml transparente - 5 Unidades,1.0,0.0,0.0,1.0,BAJA
609208,Molde Silicona Media Esfera aprox. 35 gramos,1.0,0.0,0.0,1.0,BAJA
1000,Envase vidrio transparente 50 mm 120 gr - Color Plateado,1.0,0.0,0.0,1.0,BAJA
6190,"Atomizador negro, botella vidrio Ambar 60 ml - 1 Unidad, Blanco",1.0,0.0,0.0,1.0,BAJA
9123,Envase Atomizador Gatillo Vidrio Ambar - 250 ml,1.0,0.0,0.0,1.0,BAJA
5829,Base de Jabón - Base Batida - 1 Kg,1.0,0.0,0.0,1.0,BAJA
9102,Mecha para vela de cañamo orgánico - Amarillo,1.0,0.0,0.0,1.0,BAJA
6145,Olivem 1000 - 100 gr,17.0,0.0,16.0,1.0,BAJA
7227,Aceite de Ricino - 5 Litros,3.0,0.0,2.0,1.0,BAJA
7002,Goma Guar - 500 gr,2.0,0.0,1.0,1.0,BAJA
6243,Olivem 1000 - 500 gr,3.0,0.0,2.0,1.0,BAJA
6339,Esencia de Uva - 100 ml,8.0,0.0,7.0,1.0,BAJA
6188,Cortador ondulado,1.0,0.0,0.0,1.0,BAJA
6043,Botella de Vidrio Cuadrada Tapa Corcho 250 ml - 40 Unidades,1.0,0.0,0.0,1.0,BAJA
6453,Docena Bolsas Organza color Crudo - B-14,1.0,0.0,0.0,1.0,BAJA
6466,Extracto de Limón - 30 ml,3.0,0.0,2.0,1.0,BAJA
6517,Esencia de Cherry - 100 ml,8.0,0.0,7.0,1.0,BAJA
5058,Molde silicona para vela burbuja 4 Cavidad,1.0,0.0,0.0,1.0,BAJA
6693,Esencia de Melón - 100 ml,2.0,0.0,1.0,1.0,BAJA
7100,Aceite Esencial Incienso Orgánico 5 ml - Katmandú,11.0,2.0,8.0,1.0,BAJA
5826,Base Jabón de Glicerina Stephenson Crystal Suspension - 1 Unidad,1.0,0.0,0.0,1.0,BAJA
609209,Molde silicona rosas 75 aprox,0.0,0.0,0.0,0.0,BAJA
6282,"Ácido Esteárico Vegetal - Escamas, 1 Kg",3.0,1.0,2.0,0.0,BAJA
6183,Cortador en acero inoxidable con regla 13 cm,0.0,0.0,0.0,0.0,BAJA
683422,Molde Silicona mini Animalito,7.0,1.0,6.0,0.0,BAJA
7000,Aceite de Palta Virgen Bio - 500 ml,1.0,0.0,1.0,0.0,BAJA
683429,Prensa para Champú Sólido Redonda,0.0,0.0,0.0,0.0,BAJA
8086,Aceite de Argán Natural - 500 ml,1.0,1.0,0.0,0.0,BAJA
6092289,Molde Silicona Dominó aprox. 20 gramos,2.0,0.0,2.0,0.0,BAJA
6202,Jabón Artesanal Glicerina - Chocolate 100 Gr - 1 Unidad,1.0,0.0,1.0,0.0,BAJA
6929,PT - Equipamiento - Vaso Precipitado 600 ML,0.0,0.0,0.0,0.0,BAJA
9057,Pack Sales Relajantes (Lavanda y Melisa) - 300 gr,1.0,0.0,1.0,0.0,BAJA
6999,Leche de Almendras Uso Cosmético - 500 ml,0.0,0.0,0.0,0.0,BAJA
5961,Aceite de Monoi Perfumado Tiare - 500 ml,1.0,0.0,1.0,0.0,BAJA
5985,Kit Bomba Efervescente Maracuyá y Durazno,0.0,0.0,0.0,0.0,BAJA
6266,Benzoato de Sodio - 50 gr,4.0,1.0,3.0,0.0,BAJA
7073,Coco Glucosido - 500 gr,3.0,0.0,3.0,0.0,BAJA
6849,Harina de Pepita de Uva - 1 Kg,1.0,0.0,1.0,0.0,BAJA
9009,Esencia para Velas Blend Mensaje de Amor - 30 ml,1.0,0.0,1.0,0.0,BAJA
6204,Jabón Artesanal Glicerina - Almendras Trozos De Miel 100 Gr - 1 Unidad,0.0,0.0,0.0,0.0,BAJA
6928,PT - Equipamiento - Vaso Precipitado 250 ML,0.0,0.0,0.0,0.0,BAJA
6993,Aceite de Macadamia - 500 ml,0.0,0.0,0.0,0.0,BAJA
5821,Base Jabón de Glicerina Stephenson Blanca - 1 Unidad,0.0,0.0,0.0,0.0,BAJA
5968,Agua Desminerilizada - 5 Litros,0.0,1.0,0.0,-1.0,BAJA
6683,Esencia de Algas Marinas - 100 ml,1.0,0.0,2.0,-1.0,BAJA
7064,Aceite de Frambuesa - 500 ml,1.0,0.0,2.0,-1.0,BAJA
6092404,Molde Silicona Prisma Grande aprox. 60 gramos,2.0,0.0,3.0,-1.0,BAJA
7224,Aceite de Coco Fraccionado - 5 Litros,1.0,0.0,2.0,-1.0,BAJA
shopify-shipping-Blue Express Sameday Md,Blue Express Sameday,0.0,1.0,0.0,-1.0,BAJA
6042,Pesa Electrónica 1gr - 10 Kgrs,2.0,1.0,2.0,-1.0,BAJA
9153,Molde silicona margarita rosa girasol,0.0,1.0,0.0,-1.0,BAJA
5943,Manteca de Karité - 50 gr,0.0,1.0,0.0,-1.0,BAJA
65496,"Botella de Vidrio Ambar con Atomizador Tapa Negra 30 mL - Sin Precinto, 1 Unidad",5.0,0.0,6.0,-1.0,BAJA
6262,Hidrolato de Manzanilla - 1 Litro,0.0,1.0,0.0,-1.0,BAJA
6989,Aceite de Semilla de Cannabis - 1 Litro,0.0,0.0,1.0,-1.0,BAJA
6368,Guatero de Semillas ,0.0,0.0,1.0,-1.0,BAJA
6265,Hidrolato de Caléndula - 1 Litro,1.0,0.0,2.0,-1.0,BAJA
6018,Agua de Rosas Uso cosmético - 10 Litros,1.0,0.0,2.0,-1.0,BAJA
7213,SCS (Sodium Coco Sulfate) - 500 gr,0.0,1.0,0.0,-1.0,BAJA
8025,Jarra 1000ml Acero Inox,0.0,1.0,0.0,-1.0,BAJA
7036,Aceite de Granada - 500 ml,1.0,0.0,2.0,-1.0,BAJA
8107,Piedra Alumbre - 500 gr,0.0,1.0,0.0,-1.0,BAJA
7362,PT - Esencias 1L - Romero,0.0,1.0,0.0,-1.0,BAJA
645508,Molde Silicona Individual Mamadera y Chupete,2.0,0.0,3.0,-1.0,BAJA
7223,SCS (Sodium Coco Sulfate) - 1 Kg,0.0,1.0,0.0,-1.0,BAJA
6639,Docena Bolsas Organza color Blanco - B-18,0.0,0.0,1.0,-1.0,BAJA
927410,Envase Roll On Vidrio Ambar 5 ml tapa Negra - 10 Unidades,0.0,1.0,1.0,-2.0,BAJA
6136,Aceite de Sésamo - 500 ml,0.0,1.0,1.0,-2.0,BAJA
6140,Aceite de Pepita de Uva - 1 Litro,0.0,0.0,2.0,-2.0,BAJA
6252,Base Bálsamo Neutro - 1 Litro,0.0,2.0,0.0,-2.0,BAJA
5920,Tierra Volcánica - 1 Kg,1.0,0.0,3.0,-2.0,BAJA
8013,Molde Transparente J053 Play Masajeador,1.0,0.0,3.0,-2.0,BAJA
5953,Aceite de Arroz - 500 ml,2.0,0.0,4.0,-2.0,BAJA
6996,Aceite de Caléndula - 500 ml,0.0,1.0,1.0,-2.0,BAJA
6471,Extracto de Aloe Vera - 1 Litro,0.0,0.0,2.0,-2.0,BAJA
6473,Extracto de Aloe Vera - 100 ml,0.0,2.0,0.0,-2.0,BAJA
8031,Molde Silicona Corazones Bombón 10,0.0,2.0,0.0,-2.0,BAJA
6359,Extracto de Granada - 30 ml,4.0,0.0,6.0,-2.0,BAJA
9214,Cera de Coco - 500 gr,0.0,1.0,1.0,-2.0,BAJA
7221,Inulina - 500 gr,1.0,0.0,3.0,-2.0,BAJA
9109-10-1,Mechas de madera cruzadas para vela - 10 Unidades,0.0,1.0,1.0,-2.0,BAJA
7416,Aceite Esencial Melisa Citronela 10 ml - Ámbar,0.0,2.0,0.0,-2.0,BAJA
683418,Molde Silicona Jardin de Niños,3.0,0.0,5.0,-2.0,BAJA
7415,Aceite Esencial Mejorana 10ml - Ámbar,2.0,0.0,4.0,-2.0,BAJA
6200,Jabón Artesanal Glicerina - Rosas 100 Gr - 1 Unidad,4.0,0.0,6.0,-2.0,BAJA
6034,Botellas de vidrio transparente cuadrada tapa corcho 50 ml - 80 Unidades,0.0,0.0,2.0,-2.0,BAJA
683405,Molde silicona mini rositas,3.0,0.0,5.0,-2.0,BAJA
6851,Home Spray - Fresh Eucaliptus 350ml - 1 Unidad,3.0,0.0,5.0,-2.0,BAJA
70211,Envase Dispensador de Vidrio 220 ml - 10 Unidades,0.0,1.0,1.0,-2.0,BAJA
683411,Molde Silicona Mini Estrella,2.0,0.0,4.0,-2.0,BAJA
683406,Molde silicona navidad,0.0,0.0,2.0,-2.0,BAJA
6144,Mentol Cristal - 100 gr,0.0,1.0,1.0,-2.0,BAJA
6241,Aceite de Semilla de Cannabis - 500 ml,1.0,0.0,3.0,-2.0,BAJA
6995,Aceite de Lavanda - 500 ml,0.0,1.0,2.0,-3.0,BAJA
9272,Aceite Esencial Manzanilla Mix 5ml - Ámbar,0.0,1.0,2.0,-3.0,BAJA
8090,Pote Crema Vidrio transparente 50 ml Tapa Blanca con Contratapa - 10 Unidades,0.0,1.0,2.0,-3.0,BAJA
683417,Molde pequeñas galletas  jengibre,1.0,0.0,4.0,-3.0,BAJA
6033,Botellas de vidrio transparente cuadrada tapa corcho 50 ml - 1 Unidad,0.0,3.0,0.0,-3.0,BAJA
7121,Pack Aceites Esenciales Energizante,0.0,1.0,2.0,-3.0,BAJA
9093,Olla Con Mango Para Cera,0.0,3.0,0.0,-3.0,BAJA
7240,Extracto de Maqui - 100 ml,0.0,3.0,0.0,-3.0,BAJA
6361,Base Jabón Liquido - 5 Litros,0.0,2.0,1.0,-3.0,BAJA
6260,Hidrolato de Romero - 1 Litro,0.0,1.0,2.0,-3.0,BAJA
9229,Esencia Perfumería Esplendor 15ml,0.0,1.0,2.0,-3.0,BAJA
6495,Extracto de Café - 30 ml,8.0,1.0,10.0,-3.0,BAJA
shopify-shipping-Blue Express Despacho Estándar Ex,Blue Express Despacho estándar,0.0,3.0,0.0,-3.0,BAJA
68641,Envase dispensador vidrio 30 ml - 10 Unidades,0.0,3.0,0.0,-3.0,BAJA
609263,Pad de Silicona para jabones y más,3.0,0.0,6.0,-3.0,BAJA
7422,Aceite Esencial Pomelo 10 ml - Ámbar,1.0,0.0,4.0,-3.0,BAJA
6299,Hidrolato de Quillay - 1 Litro,1.0,0.0,4.0,-3.0,BAJA
624831,Timbre para jabones Huella Animal,0.0,0.0,3.0,-3.0,BAJA
8083,Kit Iniciación para hacer Velas Aromáticas,0.0,1.0,2.0,-3.0,BAJA
7225,Aceite de Almendras - 5 Litros,1.0,0.0,4.0,-3.0,BAJA
6280,"Ácido Esteárico Vegetal - Escamas, 500 gr",0.0,1.0,2.0,-3.0,BAJA
683433,Molde de Silicona Mini Robots,0.0,1.0,3.0,-4.0,BAJA
7425,Aceite Esencial Sándalo 10ml - Ámbar,0.0,1.0,3.0,-4.0,BAJA
8129,Cuchara Gramera,0.0,1.0,3.0,-4.0,BAJA
6259,Hidrolato de Lavanda - 1 Litro,0.0,1.0,3.0,-4.0,BAJA
9176,Pote crema vidrio 30ml Tapa blanca y contratapa - 10 Unidades,0.0,4.0,0.0,-4.0,BAJA
8493,Kit Bálsamo Labial Vegano,0.0,1.0,3.0,-4.0,BAJA
5057,Molde silicona para vela tipo ostra,4.0,0.0,8.0,-4.0,BAJA
7083,Aceite Esencial Clavo Olor 5ml - Katmandú,5.0,0.0,9.0,-4.0,BAJA
7039,Aceite Esencial Laurel 5ml - Katmandú,2.0,0.0,6.0,-4.0,BAJA
7428,Aceite Esencial Manzanilla Mix 10ml - Ámbar,0.0,3.0,1.0,-4.0,BAJA
6915,Manteca de Mango - 500 gr,0.0,2.0,2.0,-4.0,BAJA
7090,Aceite Esencial Petitgrain 5 ml - Katmandú,1.0,0.0,5.0,-4.0,BAJA
5901,Kit Jabón de Melisa,0.0,3.0,1.0,-4.0,BAJA
7105,"Aceite Esencial Relajante ""Armonía"" - Katmandú",0.0,2.0,2.0,-4.0,BAJA
6550,Sabor Aromático Banana - 15 ml,0.0,1.0,3.0,-4.0,BAJA
6264,Base Espuma de Baño - 1 Litro,0.0,4.0,0.0,-4.0,BAJA
6919,Arcilla Caolín Blanca - 500 gr,0.0,2.0,2.0,-4.0,BAJA
7403,Aceite Esencial Benjui mix 10ml - Ámbar,0.0,1.0,3.0,-4.0,BAJA
7408,Aceite Esencial Clavo de Olor 10ml - Ámbar,1.0,0.0,5.0,-4.0,BAJA
5994,Raffia natural - 50 gr,1.0,0.0,5.0,-4.0,BAJA
7431,Aceite Esencial Vetiver 10ml - Ámbar,0.0,3.0,1.0,-4.0,BAJA
6994,Aceite de Zanahoria - 500 ml,1.0,0.0,5.0,-4.0,BAJA
6268,Alcohol Estearílico - Cera Lanette 18 - 500 gr,3.0,0.0,7.0,-4.0,BAJA
7122,Pack Aceites Esenciales para Relación,0.0,2.0,2.0,-4.0,BAJA
7426,Aceite Esencial Tomillo 10ml - Ámbar,1.0,0.0,6.0,-5.0,BAJA
6258,Hidrolato de Eucalipto - 1 Litro,1.0,0.0,6.0,-5.0,BAJA
8067,Molde Silicona Media Esfera 60 mm 8 cavidades 50 gramos aprox.,0.0,2.0,3.0,-5.0,BAJA
8034,Aceite de Frutilla - 100 ml,0.0,1.0,4.0,-5.0,BAJA
7050,Aceite Esencial Albahaca 5ml - Katmandú,0.0,1.0,4.0,-5.0,BAJA
683414,Molde Silicona Hojas,3.0,0.0,8.0,-5.0,BAJA
7106,"Aceite Esencial Tranquilizante ""Be Calming"" - Katmandú",0.0,3.0,2.0,-5.0,BAJA
7031,Extracto de Cola de Caballo - 30 ml,0.0,1.0,4.0,-5.0,BAJA
7239,Extracto de Maqui - 30 ml,0.0,2.0,3.0,-5.0,BAJA
7048,Aceite Esencial Sándalo 5ml - Katmandú,0.0,2.0,3.0,-5.0,BAJA
6758,Leche de Almendras Uso Cosmético - 100 ml,2.0,0.0,7.0,-5.0,BAJA
6779,Home Spray - Coco Caramelo 350ml - 1 Unidad,4.0,0.0,9.0,-5.0,BAJA
9028,Esencia para Velas Blend El Despertar de la Primavera - 30 ml,0.0,1.0,4.0,-5.0,BAJA
7005,Betaína de Coco - 1 Kg,0.0,5.0,0.0,-5.0,BAJA
9103,Mecha para vela de cañamo orgánico - Café,0.0,0.0,5.0,-5.0,BAJA
6269,Alcohol Estearílico - Cera Lanette 18 - 1 Kg,0.0,0.0,5.0,-5.0,BAJA
7236,"Frasco de Vidrio para Velas, Transparente Tapa Bambú - 1 Unidad",0.0,3.0,2.0,-5.0,BAJA
9265,Base para Perfumería Premium 1LT,0.0,1.0,4.0,-5.0,BAJA
7032,Extracto de Cola de Caballo - 100 ml,0.0,2.0,3.0,-5.0,BAJA
6026,Pote Crema Vidrio Ambar 30ml Tapa Negra (copiar) - 10 Unidades,0.0,5.0,0.0,-5.0,BAJA
6101,Molde Jabón cuadrado J001,1.0,0.0,6.0,-5.0,BAJA
7069,Coco Glucosido - 1 Kg,0.0,1.0,4.0,-5.0,BAJA
6719,Esencia de Hibiscus - 100 ml,0.0,2.0,3.0,-5.0,BAJA
7407,Aceite Esencial Cipres 10ml - Ámbar,0.0,1.0,5.0,-6.0,BAJA
6899,Extracto de Quillay - 100 ml,3.0,0.0,9.0,-6.0,BAJA
8058,Envase Tarrito Kraft - 5 Unidades,0.0,6.0,0.0,-6.0,BAJA
7079,Aceite Esencial Alcanfor 5ml - Katmandú,0.0,1.0,5.0,-6.0,BAJA
6206,Molde silicona Rosa Bomba,0.0,1.0,5.0,-6.0,BAJA
8091,"Mechas para vela con núcleo de algodón - 15 cm, 10 Unidades",0.0,6.0,0.0,-6.0,BAJA
6199,Corteza de Quillay - 100 gr,0.0,1.0,5.0,-6.0,BAJA
6270,Alcohol Estearílico - Cera Lanette 18 - 250 gr,0.0,1.0,5.0,-6.0,BAJA
16016,Colorante Salmón - 100 ml,2.0,0.0,8.0,-6.0,BAJA
7432,Aceite Esencial Rosa Mix 5ml - Ámbar,1.0,2.0,5.0,-6.0,BAJA
6761,Esencia de Arbol de Té (Tea Tree) - 100 ml,0.0,4.0,2.0,-6.0,BAJA
9090,Pistola de Calor Eléctrica,0.0,4.0,2.0,-6.0,BAJA
6212,Aceite de Coco - 5 Litros,0.0,0.0,6.0,-6.0,BAJA
609239,Molde Silicona Mini Prisma Rectangular,0.0,2.0,4.0,-6.0,BAJA
6146,Alcanfor - 50 gr,6.0,0.0,12.0,-6.0,BAJA
5986,Óxido de Zinc - 1 Kg,0.0,1.0,5.0,-6.0,BAJA
683432,Molde de Silicona para Bombones Corazón,0.0,1.0,5.0,-6.0,BAJA
8253,Cera Soya APF o Pilar - 1 Kg,0.0,3.0,3.0,-6.0,BAJA
6277,Base Espuma de Baño - 5 Litros,0.0,3.0,3.0,-6.0,BAJA
7103,"Aceite Esencial Calmante ""7 Oils"" - Katmandú",0.0,2.0,4.0,-6.0,BAJA
8056,Envase Cremero Kraft - 5 Unidades,0.0,3.0,3.0,-6.0,BAJA
7049,Aceite Esencial Ylang Ylang 5ml - Katmandú,7.0,0.0,13.0,-6.0,BAJA
7429,Aceite Esencial Ylang Ylang 10ml - Ámbar,0.0,2.0,4.0,-6.0,BAJA
6311,Base Jabón Liquido - 1 Litro,0.0,6.0,0.0,-6.0,BAJA
7424,Aceite Esencial Salvia 10ml - Ámbar,0.0,4.0,3.0,-7.0,BAJA
7430,Aceite Esencial Hinojo 10 ml - Ámbar,1.0,0.0,8.0,-7.0,BAJA
7009,Lauryl Glucoside - 500 gr,0.0,0.0,7.0,-7.0,BAJA
6778,Home Spray Limón 350ml - 1 Unidad,7.0,0.0,14.0,-7.0,BAJA
6080,Sal De Baño Aromas Rosas - 300 gr,3.0,0.0,10.0,-7.0,BAJA
683421,Molde Silicona mini Margarita,0.0,3.0,4.0,-7.0,BAJA
6256,Alcohol Cetílico - Cera Lanette 16 - 1 Kg,2.0,0.0,9.0,-7.0,BAJA
609607,Molde Silicona Patitas,0.0,5.0,2.0,-7.0,BAJA
6750,Extracto de Café - 100 ml,0.0,2.0,5.0,-7.0,BAJA
8096,Molde Silicona Rectangular 4 cavidades 80 grs. aprox,0.0,7.0,0.0,-7.0,BAJA
8132,Labial Lipstick transparente 5 ml - 10 Unidades,0.0,7.0,0.0,-7.0,BAJA
683410,Molde Silicona Corazon Redondo,1.0,0.0,8.0,-7.0,BAJA
683436,"Molde Silicona Bombón Regalo, Corazón y Rosita",0.0,1.0,6.0,-7.0,BAJA
5959,Aceite de Lavanda - 100 ml,0.0,5.0,2.0,-7.0,BAJA
8105,Molde silicona pascuero regalo árbol calcetin 12 cavidades,1.0,0.0,8.0,-7.0,BAJA
7054,Aceite Esencial Salvia 5 ml - Katmandú,0.0,1.0,6.0,-7.0,BAJA
6780,Home Spray Melisa 350ml - 1 Unidad,4.0,0.0,11.0,-7.0,BAJA
683420,Molde Silicona mini tulipan y Margarita,6.0,0.0,13.0,-7.0,BAJA
6751,Extracto de Caléndula - 100 ml,0.0,3.0,4.0,-7.0,BAJA
7074,Aceite Esencial Eucalipto 5 ml - Katmandú,0.0,2.0,5.0,-7.0,BAJA
6345,Aceite de Palta Virgen Bio - 100 ml,0.0,4.0,3.0,-7.0,BAJA
6289,Hidrolato Ortiga - 1 Litro,0.0,1.0,6.0,-7.0,BAJA
16012,Colorante Amarillo - 100 ml,0.0,1.0,6.0,-7.0,BAJA
7410,Aceite Esencial Geranio 10 ml - Ámbar,0.0,3.0,4.0,-7.0,BAJA
9110,Cortadora de mecha de vela de acero inoxidable,0.0,0.0,7.0,-7.0,BAJA
9238,Cucharillas Medidoras,0.0,1.0,6.0,-7.0,BAJA
9014,Esencia para Velas Blend Cóctel de Manzana - 100 ml,1.0,0.0,8.0,-7.0,BAJA
645509,"Molde Silicona Individual Babero, zapatitos y Biberon",1.0,0.0,8.0,-7.0,BAJA
6843,Sorbato de Potasio - 50 gr,3.0,1.0,9.0,-7.0,BAJA
7067,Aceite Esencial Anis Estrella 5ml - Katmandú,0.0,2.0,5.0,-7.0,BAJA
8015,Molde Transparente J055 Mini masaje Rectangular,0.0,0.0,7.0,-7.0,BAJA
7008,Lauryl Glucoside - 1 Kg,1.0,0.0,9.0,-8.0,BAJA
7038,Montanov 68 - 500 gr,0.0,2.0,6.0,-8.0,BAJA
6906,Piedra Alumbre - 100 gr,0.0,5.0,3.0,-8.0,BAJA
9241,Esencia Perfumería Infinito15ml ,0.0,2.0,6.0,-8.0,BAJA
7406,Aceite Esencial Cedro 10ml - Ámbar,0.0,4.0,4.0,-8.0,BAJA
6168,Aceite Esencial Pimienta 5ml - Katmandú,2.0,0.0,10.0,-8.0,BAJA
6425,Base Bálsamo Neutro - 5 Litros,0.0,6.0,2.0,-8.0,BAJA
6939,Extracto de Granada - 100 ml,0.0,6.0,2.0,-8.0,BAJA
9142,Batidor de Mano,0.0,2.0,6.0,-8.0,BAJA
6089,Sal de Baño Aromas Ruda - 1 Kg,0.0,2.0,6.0,-8.0,BAJA
6081,Sal De Baño Aromas Chocolate - 1 Kg,0.0,1.0,7.0,-8.0,BAJA
683426,Molde Silicona hoja  Cannabis 20grs.aprox,1.0,0.0,9.0,-8.0,BAJA
6837,Molde silicona Rosas Grandes 90 aprox. gramos,0.0,2.0,6.0,-8.0,BAJA
7404,Aceite Esencial Bergamota 10 ml - Ámbar,3.0,0.0,11.0,-8.0,BAJA
5051,Cáscara de Naranja Seca y Molida - 100 gr,2.0,0.0,10.0,-8.0,BAJA
7423,Aceite Esencial Romero 10ml - Ámbar,0.0,6.0,2.0,-8.0,BAJA
8076,Disco Lufa Exfoliante con Elástico 120 mm - 1 Unidad,3.0,0.0,11.0,-8.0,BAJA
7107,"Aceite Esencial para Bienestar ""Be Healthy"" - Katmandú",0.0,1.0,7.0,-8.0,BAJA
7108,"Aceite Esencial Revitalizión ""Vitality"" - Katmandú",0.0,1.0,7.0,-8.0,BAJA
683445,Molde Silicona Mini Flores Kawaii,0.0,1.0,7.0,-8.0,BAJA
7405,Aceite Esencial Canela 10 ml - Ámbar,0.0,3.0,5.0,-8.0,BAJA
6244,Base Shampoo Líquido - 1 Litro,0.0,7.0,1.0,-8.0,BAJA
7007,Aceite Esencial Pomelo 5ml - Katmandú,0.0,1.0,7.0,-8.0,BAJA
7001,Goma Xantana - 500 gr,0.0,2.0,6.0,-8.0,BAJA
6286,Jabón Artesanal Glicerina - Limón & Aloe 100 Gr - 1 Unidad,2.0,0.0,10.0,-8.0,BAJA
6489,Borax - 1 Kg,1.0,0.0,9.0,-8.0,BAJA
9152,Molde Silicona Media Esfera 50 mm 15 cavidades,0.0,1.0,7.0,-8.0,BAJA
5989,Hierbas Menta en polvo - 100 gr,0.0,1.0,8.0,-9.0,BAJA
6385,Esencia de Ylang Ylang - 100 ml,1.0,0.0,10.0,-9.0,BAJA
7003,Decyl Glucoside - 1 Kg,0.0,1.0,8.0,-9.0,BAJA
9006,Esencia para Velas Blend Serenidad Otoñal - 100 ml,3.0,0.0,12.0,-9.0,BAJA
8008,Molde Esfera con Rosas 5cm 3D,0.0,1.0,8.0,-9.0,BAJA
9035,Esencia de Mango Piña - 100 ml,0.0,2.0,7.0,-9.0,BAJA
9180,Envase PET Ovalado tapa flip top 60 ml - 10 Unidades,0.0,6.0,3.0,-9.0,BAJA
6257,Alcohol Cetílico - Cera Lanette 16 - 500 gr,0.0,1.0,8.0,-9.0,BAJA
8007,Goma Xantana - 100 gr,0.0,4.0,5.0,-9.0,BAJA
8103,Molde Silicona Navidad Rodolfo Treno y Muñeco Nieve 6 cavidades 100 grs. aprox,0.0,0.0,9.0,-9.0,BAJA
9027,Sal de Baño Aromas Eucalipto - 1 Kg,0.0,5.0,4.0,-9.0,BAJA
6904,Harina de semilla de cañamo - 100 gr,1.0,0.0,10.0,-9.0,BAJA
6076,Sal De Baño Aromas Lavanda - 300 gr,0.0,3.0,6.0,-9.0,BAJA
6913,Esencia de Mirra - 100 ml,1.0,0.0,10.0,-9.0,BAJA
6541,Pabilo Delgado Encerado - 1 metro,0.0,1.0,8.0,-9.0,BAJA
7419,Aceite Esencial Palmarosa 10 ml - Ámbar,1.0,0.0,10.0,-9.0,BAJA
8089,Kit Burbujas de Baño Rosas,0.0,1.0,8.0,-9.0,BAJA
5899,Alga Spirulina - 20 gr,0.0,3.0,6.0,-9.0,BAJA
9218,Esencia para Velas Lavanda - 100 ml,0.0,1.0,8.0,-9.0,BAJA
7040,Aceite Esencial Bergamota 5ml - Katmandú,0.0,4.0,5.0,-9.0,BAJA
7010,Esencia de Té Verde & Mandarina - 100 ml,8.0,3.0,14.0,-9.0,BAJA
9012,Esencia para Velas Blend Abrazo del Bosque - 100 ml,3.0,0.0,12.0,-9.0,BAJA
7045,Aceite Esencial Palmarosa 5ml - Katmandú,0.0,1.0,8.0,-9.0,BAJA
8116,Molde Silicona Abecedario,0.0,1.0,8.0,-9.0,BAJA
6949,Extracto de 7 Hierbas - 100 ml,0.0,3.0,6.0,-9.0,BAJA
8075,Mentol Cristal - 50 gr,0.0,2.0,7.0,-9.0,BAJA
6093,Sal De Baño Aromas Granada - 1 Kg,1.0,0.0,10.0,-9.0,BAJA
6710,Esencia de Patchouli - 100 ml,3.0,0.0,12.0,-9.0,BAJA
609219,Molde silicona Cactus,1.0,0.0,10.0,-9.0,BAJA
6730,Esencia de Maqui - 100 ml,1.0,0.0,10.0,-9.0,BAJA
6922,Termómetro Profesional Digital.,0.0,6.0,3.0,-9.0,BAJA
6637,Esencia de Azahar - 100 ml,1.0,0.0,10.0,-9.0,BAJA
5980,Kit Iniciación para hacer Jabon Artesanal de Lavanda,0.0,4.0,5.0,-9.0,BAJA
8005,Matizante Violeta - 5 gr,0.0,1.0,8.0,-9.0,BAJA
7065,Aceite de Avellana Chilena Prensado en frío - 500 ml,0.0,9.0,0.0,-9.0,BAJA
6092284,"Molde silicona letras, números y símbolos 5 gramos aprox.",1.0,0.0,10.0,-9.0,BAJA
7052,Aceite Esencial Mandarina 5ml - Katmandú,0.0,1.0,8.0,-9.0,BAJA
6362,Base Shampoo Líquido - 5 Litros,0.0,10.0,0.0,-10.0,BAJA
9067,Base Jabón de Glicerina Plus Néctar de Coco - 1 Kg,0.0,1.0,9.0,-10.0,BAJA
16151,Colorante Rojo - 100 ml,0.0,1.0,9.0,-10.0,BAJA
6789,Home Spray Lavanda 350ml - 1 Unidad,1.0,0.0,11.0,-10.0,BAJA
7427,Aceite Esencial Verbena de Limón 10 ml - Ámbar,1.0,0.0,11.0,-10.0,BAJA
6421,Harina de Coco - 100 gr,6.0,0.0,16.0,-10.0,BAJA
6948,Extracto de Limón - 100 ml,1.0,0.0,11.0,-10.0,BAJA
6086,Sal De Baño Aromas Naranja - 1 Kg,0.0,1.0,9.0,-10.0,BAJA
6508,Sabor Aromático Brownie - 15 ml,0.0,1.0,9.0,-10.0,BAJA
7071,Aceite Esencial Hinojo Dulce 5ml - Katmandú,0.0,1.0,9.0,-10.0,BAJA
7004,Decyl Glucoside - 500 gr,0.0,2.0,8.0,-10.0,BAJA
8166,KIT Jabones Exfoliantes Afrecho y Avena,0.0,3.0,7.0,-10.0,BAJA
7413,Aceite Esencial Limón 10ml - Ámbar,0.0,7.0,3.0,-10.0,BAJA
5956,Aceite de Maqui - 100 ml,0.0,7.0,3.0,-10.0,BAJA
8003,Goma Guar - 100 gr,0.0,2.0,8.0,-10.0,BAJA
6635,Esencia de Té Verde - 100 ml,0.0,3.0,7.0,-10.0,BAJA
65495,BTMS 25 - 500 gr,0.0,2.0,8.0,-10.0,BAJA
6636,Esencia de Papaya - 100 ml,0.0,3.0,7.0,-10.0,BAJA
9226,Esencia Perfumería Éxtasis,0.0,4.0,6.0,-10.0,BAJA
683449,Molde Silicona con Forma de Flor,0.0,2.0,8.0,-10.0,BAJA
9208,Base para Mikado Premium,0.0,5.0,6.0,-11.0,BAJA
6783,Fécula de Maiz (Almidón de Maíz) - 500 gr,0.0,4.0,7.0,-11.0,BAJA
6530,Sabor Aromático Bubbalo - 15 ml,0.0,2.0,9.0,-11.0,BAJA
16014,Colorante Azul - 100 ml,1.0,0.0,12.0,-11.0,BAJA
6718,Esencia de Geranio - 100 ml,0.0,1.0,10.0,-11.0,BAJA
8159,Molde Silicona 55 Corazoncitos,0.0,1.0,10.0,-11.0,BAJA
9072,Esencia para Velas Durazno - 100 ml,0.0,1.0,10.0,-11.0,BAJA
609236,Molde Silicona Rectangular 100grs. aprox,0.0,8.0,3.0,-11.0,BAJA
6998,Aceite Esencial Cipres 5ml - Katmandú,0.0,2.0,9.0,-11.0,BAJA
6333,Base de Jabón de Glicerina Extracto de Murtilla - 1 Kg,0.0,1.0,10.0,-11.0,BAJA
6233,Esencia de Pétalos Rosas - 100 ml,0.0,4.0,7.0,-11.0,BAJA
9279,Esencia de Piña - 100 ml,0.0,1.0,10.0,-11.0,BAJA
16149,Colorante Verde - 100 ml,0.0,1.0,10.0,-11.0,BAJA
7409,Aceite Esencial Eucalipto 10 ml - Ámbar,0.0,5.0,6.0,-11.0,BAJA
6702,Esencia de Durazno - 100 ml,0.0,2.0,9.0,-11.0,BAJA
9823,Espatula de Silicona,0.0,4.0,7.0,-11.0,BAJA
7421,Aceite Esencial Patchouli 10 ml - Ámbar,3.0,0.0,14.0,-11.0,BAJA
16148,Colorante Rosa - 100 ml,0.0,1.0,10.0,-11.0,BAJA
7047,Aceite Esencial Patchouli 5ml - Katmandú,0.0,1.0,11.0,-12.0,BAJA
683424,Molde Silicona Mini Rosa 3D - 15C,1.0,0.0,13.0,-12.0,BAJA
8065,Molde Silicona Mariquita - Margarita - Mariposa 6 cavidades 85 gramos aprox.,0.0,2.0,10.0,-12.0,BAJA
5916,Tierra Volcánica - 500 gr,0.0,1.0,11.0,-12.0,BAJA
6769,Lips Berries 5ml,7.0,0.0,19.0,-12.0,BAJA
6920,Cocinilla Electrica 1 Plato,0.0,6.0,6.0,-12.0,BAJA
9047,Esencia de Lima Verbena - 100 ml,0.0,2.0,10.0,-12.0,BAJA
8002,SCI (Sodium Cocoyl Isethionate) Pellet - 1 Kg,0.0,1.0,11.0,-12.0,BAJA
9016,Esencia para Velas Frutos Rojos - 100 ml,0.0,3.0,9.0,-12.0,BAJA
6826,Base de Crema No Iónica - 1 Kg,0.0,4.0,8.0,-12.0,BAJA
6090,Sal De Baño Aromas Rosas - 1 Kg,0.0,2.0,10.0,-12.0,BAJA
8040,Betaína de Coco - 500 gr,0.0,5.0,7.0,-12.0,BAJA
6249,BTMS 25 - 250 gr,0.0,8.0,4.0,-12.0,BAJA
6006,Aceite de Jojoba - 500 ml,0.0,8.0,4.0,-12.0,BAJA
6077,Sal De Baño Aromas Melisa - 300 gr,0.0,2.0,10.0,-12.0,BAJA
683412,Molde Silicona Smile,0.0,0.0,12.0,-12.0,BAJA
6946,Esencia de Cannabis Aromática - 100 ml,2.0,0.0,14.0,-12.0,BAJA
6059,"Molde Silicona Abejita, Rana y Mariposa",0.0,1.0,11.0,-12.0,BAJA
5915,Maqui Deshidratado - 50 gr,0.0,8.0,5.0,-13.0,BAJA
624832,Timbre para jabones Gatito en la Tina,1.0,0.0,14.0,-13.0,BAJA
7218,Inulina - 100 gr,0.0,9.0,4.0,-13.0,BAJA
6512,Sabor Aromático Tutti Frutti - 15 ml,0.0,6.0,7.0,-13.0,BAJA
6977,Extracto de Lavanda - 30 ml,0.0,3.0,10.0,-13.0,BAJA
683444,Molde Silicona Varias Patitas de Perro,0.0,1.0,12.0,-13.0,BAJA
8118,Molde Silicona Corazón Prisma - 8,0.0,1.0,12.0,-13.0,BAJA
7044,Aceite Esencial Lemongrass 5ml - Katmandú,0.0,2.0,11.0,-13.0,BAJA
6707,Esencia de Pino - 100 ml,1.0,0.0,14.0,-13.0,BAJA
7414,Aceite Esencial Mandarina 10ml - Ámbar,0.0,4.0,9.0,-13.0,BAJA
16150,Colorante Violeta - 100 ml,0.0,2.0,11.0,-13.0,BAJA
6510,Sabor Aromático Sorbetes Citricos - 15 ml,0.0,3.0,10.0,-13.0,BAJA
6509,Sabor Aromático Piña Colada - 15 ml,0.0,1.0,12.0,-13.0,BAJA
9236,Esencia Perfumería Rubí Ardiente 15ml,0.0,4.0,9.0,-13.0,BAJA
609242,Molde Silicona gota nube corazón,0.0,1.0,12.0,-13.0,BAJA
8156,Molde de Silicona Cilindro 3D 6 cavidades 70 MM 100 grs,0.0,2.0,11.0,-13.0,BAJA
5947,Aceite de Oliva Extra Virgen - 1 Litro,0.0,5.0,8.0,-13.0,BAJA
5807,Mica Cobre - 8 gr,0.0,11.0,2.0,-13.0,BAJA
8101,Molde Silicona Cilindro 6 cavidades,0.0,1.0,12.0,-13.0,BAJA
7417,Aceite Esencial Menta 10ml - Ámbar,0.0,6.0,7.0,-13.0,BAJA
8017,Envase Atomizador Gatillo Pet 350 ml - 1 Unidad,0.0,2.0,11.0,-13.0,BAJA
8071,Molde Silicona Ovalado Redondo 6 cavidades,0.0,2.0,11.0,-13.0,BAJA
6184,"Atomizador blanco, botella vidrio ambar 30 ml - 1 Unidad",0.0,1.0,12.0,-13.0,BAJA
5977,Ácido Láctico - 30 ml,0.0,2.0,11.0,-13.0,BAJA
7214,SLSA (Sodium Lauryl Sulfoacetate) - 250 gr,0.0,1.0,12.0,-13.0,BAJA
6498,Borax - 100 gr,1.0,0.0,14.0,-13.0,BAJA
8042,Martillo para estampas de jabon,0.0,0.0,14.0,-14.0,BAJA
8022,Molde Mini Transporte,0.0,2.0,12.0,-14.0,BAJA
8264,"Botella de Vidrio Ambar con Atomizador Tapa Negra 30 mL - Con Precinto, 10 Unidades",0.0,5.0,9.0,-14.0,BAJA
5064,Bowl de Acero base antideslizante - 2 Litros,1.0,1.0,14.0,-14.0,BAJA
8018,Molde Silicona Torre Corazones 3D,0.0,2.0,12.0,-14.0,BAJA
6679,Esencia de Jengibre - 100 ml,0.0,3.0,11.0,-14.0,BAJA
6082,Sal De Baño Aromas Frambuesa - 1 Kg,0.0,2.0,12.0,-14.0,BAJA
5900,Esencia Místico Chai - 100 ml,0.0,1.0,13.0,-14.0,BAJA
683446,Molde Silicona con Formas de Amor,0.0,1.0,13.0,-14.0,BAJA
65497,Molde silicona conchitas,1.0,0.0,15.0,-14.0,BAJA
7076,Aceite Esencial Canela 5 ml - Katmandú,0.0,1.0,13.0,-14.0,BAJA
6866,Alcohol de Cereal - 5 Litros,0.0,11.0,3.0,-14.0,BAJA
6428,Extracto de Aloe Vera - 30 ml,0.0,9.0,5.0,-14.0,BAJA
7042,Aceite Esencial Geranio 5ml - Katmandú,0.0,4.0,10.0,-14.0,BAJA
6275,Glicerina Liquida Vegetal USP - 1 Litro,0.0,14.0,0.0,-14.0,BAJA
6352,Esencia de Coco - 100 ml,0.0,5.0,9.0,-14.0,BAJA
5877,Esencia de Manzana Verde - 100 ml,0.0,2.0,12.0,-14.0,BAJA
6293,Jabón Artesanal Glicerina - Papaya y Karité 100 Gr - 1 Unidad,1.0,1.0,14.0,-14.0,BAJA
7041,Aceite Esencial Citronela 5ml - Katmandú,0.0,3.0,11.0,-14.0,BAJA
7228,SLSA (Sodium Lauryl Sulfoacetate) - 100 gr,3.0,1.0,17.0,-15.0,BAJA
16017,Colorante Negro - 100 ml,0.0,0.0,15.0,-15.0,BAJA
6058,Extracto de Manzanilla - 100 ml,0.0,3.0,12.0,-15.0,BAJA
5912,Harina de Almendras - 100 gr,0.0,2.0,13.0,-15.0,BAJA
6281,"Ácido Esteárico Vegetal - Escamas, 250 gr",0.0,9.0,6.0,-15.0,BAJA
609204,Molde Silicona Rosas 3d Blanco,0.0,1.0,14.0,-15.0,BAJA
6701,Esencia de Capuchino - 100 ml,4.0,0.0,19.0,-15.0,BAJA
9184,Molde Silicona Corazón 8 Cavidades 100 Gr,0.0,1.0,14.0,-15.0,BAJA
6138,Aceite de Nuez - 100 ml,0.0,2.0,13.0,-15.0,BAJA
6479,Esencia de Limón - 100 ml,0.0,10.0,5.0,-15.0,BAJA
7215,SLSA (Sodium Lauryl Sulfoacetate) - 500 gr,0.0,3.0,12.0,-15.0,BAJA
5904,Manteca de Cacao Natural - 250 gr,0.0,9.0,6.0,-15.0,BAJA
6857,Molde Bomba Efervescente Acero Inox 55mm,0.0,2.0,13.0,-15.0,BAJA
6717,Esencia de Canela Naranja - 100 ml,0.0,1.0,14.0,-15.0,BAJA
5914,Harina de Jojoba - 100 gr,8.0,1.0,22.0,-15.0,BAJA
5938,Manteca de Cacao Natural - 500 gr,0.0,5.0,10.0,-15.0,BAJA
6587,Aceite de Ricino - 1 Litro,0.0,4.0,11.0,-15.0,BAJA
6700,Esencia de Bergamota - 100 ml,0.0,6.0,9.0,-15.0,BAJA
6429,Extracto de Caléndula - 30 ml,0.0,8.0,7.0,-15.0,BAJA
7021,Envase Dispensador de Vidrio 220 ml - 1 Unidad,0.0,5.0,11.0,-16.0,BAJA
8154,Botella Campana PET 30 ml Tapa plateada - 10 Unidades,0.0,6.0,10.0,-16.0,BAJA
6499,Esencia de Café - 100 ml,1.0,0.0,17.0,-16.0,BAJA
7402,Aceite Esencial Arbol del Té 10ml - Ámbar,0.0,11.0,5.0,-16.0,BAJA
7098,Limón en polvo - 100 gr,2.0,1.0,17.0,-16.0,BAJA
8112,Molde Silicona Cilindro 4 cavidades,0.0,10.0,6.0,-16.0,BAJA
609608,Molde Silicona Mini Queque,2.0,0.0,18.0,-16.0,BAJA
7072,Aceite Esencial Verbena 5ml - Katmandú,0.0,3.0,13.0,-16.0,BAJA
6763,Esencia de Mandarina Fresh - 100 ml,0.0,2.0,14.0,-16.0,BAJA
7412,Aceite Esencial Lemongrass 10ml - Ámbar,0.0,7.0,9.0,-16.0,BAJA
6978,Extracto de Lavanda - 100 ml,0.0,3.0,13.0,-16.0,BAJA
6472,Extracto de Romero - 100 ml,0.0,5.0,11.0,-16.0,BAJA
8027,Molde Silicona Mini Flores Variadas,1.0,0.0,17.0,-16.0,BAJA
6439,Jabón Glicerina Lufa - Uva 100 Gr - 1 Unidad,2.0,0.0,18.0,-16.0,BAJA
7099,Aceite Esencial Jengibre 5ml - Katmandú,0.0,5.0,11.0,-16.0,BAJA
6674,Esencia de Arándanos - 100 ml,4.0,0.0,20.0,-16.0,BAJA
6272,Esencia de Caléndula - 100 ml,0.0,2.0,14.0,-16.0,BAJA
6078,Sal De Baño Aromas Naranja - 300 gr,0.0,2.0,14.0,-16.0,BAJA
6752,Extracto de Centella Asiática - 100 ml,0.0,4.0,12.0,-16.0,BAJA
6449,Esencia de Violeta - 100 ml,0.0,6.0,11.0,-17.0,BAJA
6713,Esencia de Clavo de Olor - 100 ml,1.0,0.0,18.0,-17.0,BAJA
8250,Cera de Soya BPF - 500 gr,0.0,7.0,10.0,-17.0,BAJA
5991,Crema Nova Base - 1 Kg,0.0,2.0,15.0,-17.0,BAJA
6749,Extracto de Avena - 100 ml,0.0,8.0,9.0,-17.0,BAJA
6346,Esencia de Canela - 100 ml,1.0,0.0,18.0,-17.0,BAJA
6627,Esencia de Toffee - 100 ml,0.0,2.0,15.0,-17.0,BAJA
57991,Mica Frost - 8 gr,0.0,2.0,15.0,-17.0,BAJA
6708,Esencia de Sándalo - 100 ml,0.0,4.0,13.0,-17.0,BAJA
609240,Molde Silicona Esfera 45mm,0.0,1.0,16.0,-17.0,BAJA
8127,Atomizador PET 30 ml - 10 Unidades,0.0,4.0,13.0,-17.0,BAJA
6681,Esencia de Pomelo - 100 ml,0.0,5.0,12.0,-17.0,BAJA
8066,Molde Silicona Juguetes Guagua 6 cavidades 80 gramos aprox.,0.0,1.0,16.0,-17.0,BAJA
6158,Cera de Abeja Natural Pura - 500 gr,0.0,13.0,4.0,-17.0,BAJA
6391,Esencia de Mango - 100 ml,0.0,5.0,12.0,-17.0,BAJA
9225,Esencia Perfumería Forjado en la Ciudad 15ml,0.0,7.0,11.0,-18.0,BAJA
58031,Mica Rosa - 8 gr,29.0,1.0,46.0,-18.0,BAJA
7211,SCI (Sodium Cocoyl Isethionate) Pellet - 500 gr,0.0,6.0,12.0,-18.0,BAJA
9235,Esencia Perfumería Indómita,0.0,4.0,14.0,-18.0,BAJA
6342,Esencia de Romero - 100 ml,0.0,5.0,13.0,-18.0,BAJA
9242,Esencia Perfumería Costa Azul15ml,0.0,2.0,16.0,-18.0,BAJA
8135,Pote para Cremas y Exfoliantes de Aluminio 60 ml - 10 Unidades,0.0,1.0,17.0,-18.0,BAJA
6527,Esencia de Miel - 100 ml,0.0,4.0,14.0,-18.0,BAJA
8158,Molde Silicona Corazón 8 cavidades 100 grs,0.0,1.0,17.0,-18.0,BAJA
6501,Sabor Aromatico Caramelo - 15 ml,0.0,4.0,14.0,-18.0,BAJA
5974,Agua de Azahar - 1 Litro,0.0,5.0,13.0,-18.0,BAJA
6515,Esencia de Eucalipto - 100 ml,9.0,3.0,24.0,-18.0,BAJA
6433,Esencia de Menta - 100 ml,0.0,2.0,16.0,-18.0,BAJA
6273,Glicerina Liquida Vegetal USP - 100 ml,0.0,18.0,0.0,-18.0,BAJA
6392,Esencia de Naranja Chocolate - 100 ml,0.0,1.0,17.0,-18.0,BAJA
6355,Esencia de Sandia - 100 ml,0.0,3.0,15.0,-18.0,BAJA
6088,Sal De Baño Aromas Melisa - 1 Kg,0.0,3.0,15.0,-18.0,BAJA
9039,Esencia de Raspberry Pimienta - 100 ml,0.0,1.0,18.0,-19.0,BAJA
6357,Extracto de Avena - 30 ml,11.0,0.0,30.0,-19.0,BAJA
7411,Aceite Esencial Lavanda 10 ml - Ámbar,0.0,8.0,11.0,-19.0,BAJA
6956,Esencia de Berries - 100 ml,0.0,1.0,18.0,-19.0,BAJA
6703,Esencia de Jazmín - 100 ml,0.0,1.0,18.0,-19.0,BAJA
7075,Aceite Esencial Naranja Dulce 5 ml - Katmandú,0.0,8.0,11.0,-19.0,BAJA
5954,Aceite de Avellana Chilena Prensado en frío - 100 ml,0.0,9.0,10.0,-19.0,BAJA
8134,Roll on vidrio ambar 10 ml tapa negra mate - 10 Unidades,0.0,5.0,14.0,-19.0,BAJA
6937,Carbón Activado Vegetal - 500 gr,0.0,5.0,14.0,-19.0,BAJA
7418,Aceite Esencial Naranja 10ml - Ámbar,0.0,11.0,8.0,-19.0,BAJA
683408,Molde silicona 15 corazon pequeños,0.0,1.0,18.0,-19.0,BAJA
6528,Esencia de Rosas Rojas - 100 ml,0.0,2.0,17.0,-19.0,BAJA
6760,Esencia de Arbol de Té (Tea Tree) - 15 ml,0.0,9.0,10.0,-19.0,BAJA
7058,Aceite Esencial Limón 5ml - Katmandú,0.0,4.0,15.0,-19.0,BAJA
6100,"Hibisco en polvo - 50 gr, Polvo",1.0,0.0,20.0,-19.0,BAJA
5838,Esencia de Granada - 100 ml,0.0,5.0,14.0,-19.0,BAJA
7035,Aceite de Granada - 100 ml,0.0,6.0,14.0,-20.0,BAJA
5812,Base Jabón de Glicerina Aceite de Cannabis Extra Plus - 1 Kg,0.0,5.0,15.0,-20.0,BAJA
6338,Esencia de Melisa - 100 ml,0.0,5.0,15.0,-20.0,BAJA
609221,Molde Silicona Estrellas y Colas de Sirena,0.0,1.0,19.0,-20.0,BAJA
6497,Extracto de Centella Asiática - 30 ml,0.0,1.0,19.0,-20.0,BAJA
6354,Esencia de Maracuyá - 100 ml,0.0,2.0,18.0,-20.0,BAJA
6267,Urea USP - 100 gr,0.0,4.0,16.0,-20.0,BAJA
8095,Molde Silicona Ovalado 4 cavidades 55 grs. aprox,0.0,8.0,12.0,-20.0,BAJA
6348,Aceite de Zanahoria - 100 ml,0.0,1.0,19.0,-20.0,BAJA
6525,Esencia de Ruda - 100 ml,0.0,3.0,17.0,-20.0,BAJA
683425,Molde Silicona Numeros,1.0,0.0,21.0,-20.0,BAJA
6251,Cosgard - 100 ml,0.0,9.0,11.0,-20.0,BAJA
6185-5-1,Pack 5 unidades Envase mascara de pestaña,0.0,5.0,16.0,-21.0,BAJA
6228-1,Pote labial acrilico 5ml cuadrado - 1 Unidad,0.0,20.0,1.0,-21.0,BAJA
683442,Molde Silicona Ositos Kawaii,0.0,2.0,19.0,-21.0,BAJA
8097,Molde Huella Animal 7 cavidades,0.0,2.0,19.0,-21.0,BAJA
6329,Esencia de Almendras - 100 ml,0.0,2.0,19.0,-21.0,BAJA
8104,Pote Crema Vidrio Ambar 30ml Tapa Negra - 10 Unidades,0.0,2.0,19.0,-21.0,BAJA
6705,Esencia de Manzanilla - 100 ml,0.0,4.0,18.0,-22.0,BAJA
6056,Esencia de Frambuesa - 100 ml,0.0,1.0,21.0,-22.0,BAJA
7207,Ácido Hialurónico Solución al 1% - 100 ml,0.0,4.0,18.0,-22.0,BAJA
6327,Esencia de Naranja - 100 ml,0.0,11.0,11.0,-22.0,BAJA
6023,PT - Equipamiento - Pesa Electronica 1gr - 5 Kgr,0.0,0.0,22.0,-22.0,BAJA
7088,Aceite Esencial Árbol del Té 5ml - Katmandú,0.0,10.0,12.0,-22.0,BAJA
6331,Base Jabón de Glicerina Lavanda Extra Plus - 1 Kg,0.0,3.0,19.0,-22.0,BAJA
5886,Esencia de Melón - 15 ml,0.0,7.0,15.0,-22.0,BAJA
6754,Extracto de Ortiga - 100 ml,0.0,2.0,20.0,-22.0,BAJA
9005,Esencia para Velas Blend Serenidad Otoñal - 30 ml,0.0,1.0,21.0,-22.0,BAJA
6135,Aceite de Sésamo - 100 ml,0.0,4.0,19.0,-23.0,BAJA
6756,Extracto de Té Verde - 100 ml,0.0,2.0,21.0,-23.0,BAJA
6008,Aceite de Rosa Mosqueta - 500 ml,0.0,4.0,19.0,-23.0,BAJA
5059,Molde Silicona para Velas Burbujas 9 Cavidades - Simple,1.0,0.0,24.0,-23.0,BAJA
9115,Base Jabón de Glicerina Leche de Jojoba Extra Plus - 1 Kg,0.0,3.0,20.0,-23.0,BAJA
6848,Harina de Pepita de Uva - 100 gr,0.0,3.0,20.0,-23.0,BAJA
683403,Molde silicona Guitarras,0.0,1.0,22.0,-23.0,BAJA
6075,Sal De Baño Aromas Frambuesa - 300 gr,0.0,1.0,22.0,-23.0,BAJA
6337,Esencia de Manzana Canela - 100 ml,0.0,3.0,20.0,-23.0,BAJA
8168,Labial Lipstick Blanco 5ml - 10 Unidades,0.0,6.0,17.0,-23.0,BAJA
9121,"Mechas de madera para velas con soporte de acero - 10 Unidades - 8 x 90 mm, 10 Unidades",0.0,3.0,20.0,-23.0,BAJA
5988,Óxido de Zinc - 100 gr,0.0,2.0,22.0,-24.0,BAJA
6084,Sal De Baño Aromas Lavanda - 1 Kg,0.0,9.0,15.0,-24.0,BAJA
6420,Esencia de Limón de Pica - 100 ml,0.0,4.0,20.0,-24.0,BAJA
8099,Romero en polvo - 100 gr,0.0,2.0,22.0,-24.0,BAJA
9134,Pegatinas 15mm - 56 unidades,0.0,2.0,22.0,-24.0,BAJA
6092386,Molde Silicona Masajeador 3 D 120 gr aprox,0.0,4.0,20.0,-24.0,BAJA
6180,Desmoldante - 20 ml,0.0,12.0,12.0,-24.0,BAJA
6377,Extracto de 7 Hierbas - 30 ml,0.0,4.0,20.0,-24.0,BAJA
5955,Aceite de Frambuesa - 100 ml,0.0,3.0,21.0,-24.0,BAJA
9041,Esencia de Higo Toronja - 100 ml,0.0,1.0,23.0,-24.0,BAJA
6139,Aceite de Pepita de Uva - 100 ml,0.0,8.0,16.0,-24.0,BAJA
8249,BTMS 25 - 100 gr,0.0,6.0,18.0,-24.0,BAJA
683413,Molde silicona Dinosaurio,0.0,2.0,22.0,-24.0,BAJA
6294,"Ácido Esteárico Vegetal - Escamas, 100 gr",0.0,2.0,22.0,-24.0,BAJA
9109,Mechas de madera cruzadas para vela - 1 Unidad,4.0,0.0,29.0,-25.0,BAJA
6526,Cera Panal de Abeja - 1 Unidad,0.0,5.0,20.0,-25.0,BAJA
8085,Aceite de Argán Natural - 100 ml,0.0,3.0,22.0,-25.0,BAJA
5918,Semillas de Amapolas - 50 gr,8.0,0.0,33.0,-25.0,BAJA
8068,Molde Silicona Cilindro 57 mm 8 cavidades,0.0,1.0,24.0,-25.0,BAJA
6174,Dióxido de Titanio - 100 gr,0.0,2.0,23.0,-25.0,BAJA
5995,Sal de Epsom - 200 gr,0.0,4.0,21.0,-25.0,BAJA
6239,Aceite de Semilla de Cannabis - 100 ml,0.0,3.0,22.0,-25.0,BAJA
7201,Aceite de Coco Fraccionado - 1 Litro,0.0,11.0,15.0,-26.0,BAJA
8047,Molde Silicona Huella Animal 10 cavidades,0.0,1.0,25.0,-26.0,BAJA
6514,Docena Bolsas Organza color Blanco - B-12,0.0,1.0,25.0,-26.0,BAJA
9243,Esencia Perfumería Santal Royale 15ml,0.0,3.0,23.0,-26.0,BAJA
6271,Esencia de Frutos Rojos - 100 ml,0.0,3.0,23.0,-26.0,BAJA
6198,Jabón Artesanal Glicerina - Naranja 100 Gr - 1 Unidad,1.0,1.0,26.0,-26.0,BAJA
7053,Aceite Esencial Romero 5ml - Katmandú,0.0,9.0,17.0,-26.0,BAJA
6898,Extracto de Quillay - 30 ml,0.0,1.0,25.0,-26.0,BAJA
9217,Esencia para Velas Lavanda - 30 ml,0.0,4.0,22.0,-26.0,BAJA
6344,Botella pet tapa reductor 250 ml - 1 Unidad,13.0,0.0,40.0,-27.0,BAJA
6493,Esencia de Mirra - 15 ml,0.0,5.0,22.0,-27.0,BAJA
9114,Pegatinas 20mm - 30 Unidades,0.0,1.0,26.0,-27.0,BAJA
6962,Aceite de Manzanilla - 100 ml,0.0,5.0,22.0,-27.0,BAJA
6389,Esencia de Frutilla - 100 ml,0.0,6.0,21.0,-27.0,BAJA
5919,Tierra Volcánica - 100 gr,0.0,2.0,25.0,-27.0,BAJA
5834,Esencia de Cannabis Aromática - 15 ml,0.0,1.0,26.0,-27.0,BAJA
7043,Aceite Esencial de Lavanda 5ml - Katmandú,0.0,17.0,10.0,-27.0,BAJA
6381,Sal de Epsom - 1 Kg,0.0,15.0,12.0,-27.0,BAJA
7051,Aceite Esencial Menta 5ml - Katmandú,0.0,13.0,15.0,-28.0,BAJA
5818,Base Jabón de Glicerina Maqui Extra Plus - 1 Kg,0.0,7.0,21.0,-28.0,BAJA
6432,Extracto de Té Verde - 30 ml,0.0,3.0,25.0,-28.0,BAJA
58011,Mica Azul - 8 gr,0.0,12.0,16.0,-28.0,BAJA
6325,Esencia de Chocolate - 100 ml,0.0,5.0,24.0,-29.0,BAJA
5855,Esencia de Manzana Verde - 15 ml,0.0,10.0,19.0,-29.0,BAJA
5890,Esencia de Toffee - 15 ml,0.0,6.0,23.0,-29.0,BAJA
9032,Esencia para Velas Blend Jardín del Amanecer - 30 ml,0.0,1.0,29.0,-30.0,BAJA
8084,Aceite de Argán Natural - 30 ml,0.0,15.0,15.0,-30.0,BAJA
6777,Home Spray - Frambuesa 350ml - 1 Unidad,3.0,0.0,33.0,-30.0,BAJA
8204,Base Jabón de Glicerina Cristal Cuadraditos - 5 Kg,0.0,14.0,16.0,-30.0,BAJA
5990,Hierbas Manzanilla en polvo - 50 gr,0.0,1.0,29.0,-30.0,BAJA
9079,Esencia para Velas Sándalo - 30 ml,0.0,1.0,29.0,-30.0,BAJA
9031,Esencia para Velas Blend Oasis de Armonía - 30 ml,0.0,4.0,26.0,-30.0,BAJA
7222,SCS (Sodium Coco Sulfate) - 100 gr,0.0,2.0,28.0,-30.0,BAJA
7226,Aceite de Ricino - 500 ml,0.0,20.0,10.0,-30.0,BAJA
6554,Aceite de Macadamia - 100 ml,0.0,12.0,18.0,-30.0,BAJA
5872,Esencia de Uva - 15 ml,0.0,6.0,24.0,-30.0,BAJA
5861,Esencia de Especies Navideñas - 15 ml,0.0,3.0,27.0,-30.0,BAJA
7037,Montanov 68 - 100 gr,0.0,3.0,28.0,-31.0,BAJA
5932,"Lemongrass, Hierba limón - 20 gr",0.0,2.0,29.0,-31.0,BAJA
8098,Hierba de Salvia en polvo - 100 gr,0.0,1.0,30.0,-31.0,BAJA
58061,Mica Púrpura - 8 gr,0.0,9.0,23.0,-32.0,BAJA
6386,Botella Vidrio Transparente 460cc Gatillo - 1 Unidad,0.0,3.0,29.0,-32.0,BAJA
6511,Docena Bolsas Organza color Crudo - B-12,0.0,3.0,29.0,-32.0,BAJA
6916,Manteca de Mango - 100 gr,0.0,4.0,28.0,-32.0,BAJA
6427,Extracto de Manzanilla - 30 ml,0.0,8.0,24.0,-32.0,BAJA
6640,Docena Bolsas Organza color Crudo - B-18,1.0,0.0,33.0,-32.0,BAJA
9013,Esencia para Velas Blend Cóctel de Manzana - 30 ml,0.0,3.0,30.0,-33.0,BAJA
609233,Molde Rectangular de Silicona Caja Madera 1 kilo,11.0,0.0,44.0,-33.0,BAJA
6228-20-1,Pote labial acrilico 5ml cuadrado - 20 Unidades,0.0,1.0,32.0,-33.0,BAJA
5824,Base Jabón de Glicerina Aceite de Zanahoria,0.0,3.0,30.0,-33.0,BAJA
5973,Agua de Azahar - 97 gr,0.0,3.0,31.0,-34.0,BAJA
9129,Ácido Cítrico - 500 gr,0.0,5.0,29.0,-34.0,BAJA
6054,"Pesa Gramera - 0,1 gr / 500 gr",0.0,7.0,28.0,-35.0,BAJA
8251,Cera de Soya BPF - 1 Kg,0.0,9.0,26.0,-35.0,BAJA
6622,Jabón Artesanal Glicerina - Leche De Cabra y Almendra 100 Gr - 1 Unidad,0.0,2.0,33.0,-35.0,BAJA
6010,Aceite de Rosa Mosqueta - 30 ml,0.0,14.0,22.0,-36.0,BAJA
7210,SCI (Sodium Cocoyl Isethionate) Pellet - 250 gr,0.0,12.0,24.0,-36.0,BAJA
9015,Esencia para Velas Frutos Rojos - 30 ml,0.0,5.0,31.0,-36.0,BAJA
5962,Aceite Centella Asiática - 100 ml,0.0,7.0,29.0,-36.0,BAJA
6155,Jabón Artesanal Glicerina - Frambuesa 100 Gr - 1 Unidad,3.0,1.0,39.0,-37.0,BAJA
8137,"Envase Botella Ambar con Gotario 30 ml - 10 Unidades, Sin Precinto",0.0,4.0,33.0,-37.0,BAJA
683416,Molde Silicona Mini Flores,0.0,1.0,36.0,-37.0,BAJA
58051,Mica Verde - 8 gr,0.0,7.0,31.0,-38.0,BAJA
6574,Jabón Artesanal Glicerina - Melisa 100 Gr - 1 Unidad,1.0,1.0,38.0,-38.0,BAJA
6211,Aceite de Coco - 1 Litro,0.0,17.0,21.0,-38.0,BAJA
6770,Lips Cacao & Chocolate 5ml,0.0,2.0,37.0,-39.0,BAJA
6434,Esencia de Lavanda - 100 ml,0.0,14.0,25.0,-39.0,BAJA
1001,Envase vidrio transparente 50 mm 120 gr - Color Negra,0.0,2.0,37.0,-39.0,BAJA
8526,Base Jabón de Glicerina Stephenson Tres Mantecas - 1 Kg,0.0,6.0,33.0,-39.0,BAJA
5952,Aceite de Arroz - 100 ml,0.0,15.0,24.0,-39.0,BAJA
7206,Ácido Hialurónico Solución al 1% - 30 ml,0.0,7.0,32.0,-39.0,BAJA
5831,Esencia de Algas Marinas - 15 ml,0.0,2.0,37.0,-39.0,BAJA
9181,Base Jabón de Glicerina Pétalos de Rosa Extra Plus - 1 Kg,0.0,9.0,30.0,-39.0,BAJA
6594,Jabón Glicerina Lufa - Coco con Caramelo 100 Gr - 1 Unidad,0.0,1.0,39.0,-40.0,BAJA
9221,Esencia para Velas Chocolate - 30 ml,0.0,3.0,37.0,-40.0,BAJA
58021,Mica Rojo - 8 gr,0.0,19.0,22.0,-41.0,BAJA
6535,Esencia de Verbena - 100 ml,0.0,8.0,33.0,-41.0,BAJA
5917,Rosa Mosqueta en Polvo - 50 gr,0.0,5.0,36.0,-41.0,BAJA
9042,Esencia de Fresa Cream - 15 ml,0.0,8.0,33.0,-41.0,BAJA
6771,Lips Karite & Coconut 5ml,0.0,10.0,31.0,-41.0,BAJA
6875,Aceite de Caléndula - 100 ml,0.0,23.0,19.0,-42.0,BAJA
6230,Hierba Cedrón - 7 gr,0.0,6.0,36.0,-42.0,BAJA
8131,Atomizador PET 100 ml - 10 Unidades,0.0,10.0,32.0,-42.0,BAJA
5936,Hierba de Ortiga Seca - 20 gr,0.0,3.0,39.0,-42.0,BAJA
9133,Envase PET 250 mL Transparente Tapa rosca aluminio - 1 Unidad,0.0,2.0,40.0,-42.0,BAJA
6651,Arcilla Roja - 100 gr,0.0,18.0,24.0,-42.0,BAJA
6631,Jabón Artesanal Glicerina - Coco & Caramelo 100 Gr - 1 Unidad,2.0,1.0,43.0,-42.0,BAJA
6053,Hierba Rosa Mosqueta - 20 gr,0.0,4.0,38.0,-42.0,BAJA
6263,Esencia de Canela - 15 ml,0.0,8.0,35.0,-43.0,BAJA
5862,Esencia de Pino - 15 ml,0.0,5.0,38.0,-43.0,BAJA
9276,Esencia de Pistacho - 15 ml,0.0,4.0,39.0,-43.0,BAJA
5922,Extracto de Romero - 30 ml,0.0,8.0,35.0,-43.0,BAJA
6988,Aceite de Almendras - 30 ml,0.0,17.0,26.0,-43.0,BAJA
6061,Jabón Artesanal Glicerina - Uva 100 Gr - 1 Unidad,1.0,1.0,43.0,-43.0,BAJA
5887,Esencia de Menta - 15 ml,0.0,21.0,23.0,-44.0,BAJA
9118,Base Jabón de Glicerina Arroz - 1 Kg,0.0,7.0,37.0,-44.0,BAJA
5997,Sal Mineral - 2 Kg,0.0,20.0,24.0,-44.0,BAJA
6728,Docena Bolsas Organza color Blanco - B-26,1.0,0.0,46.0,-45.0,BAJA
9046,Esencia de Lima Verbena - 15 ml,0.0,7.0,38.0,-45.0,BAJA
6430,Extracto de Ortiga - 30 ml,0.0,6.0,40.0,-46.0,BAJA
5870,Esencia de Limón - 15 ml,0.0,15.0,31.0,-46.0,BAJA
9034,Esencia de Mango Piña - 15 ml,0.0,11.0,36.0,-47.0,BAJA
5930,Hojas de Eucalipto - 20 gr,0.0,3.0,44.0,-47.0,BAJA
6167,Bomba de Baño Melisa - 1 Unidad,8.0,0.0,56.0,-48.0,BAJA
9064,Esencia de Aloe Vera - 15 ml,0.0,4.0,44.0,-48.0,BAJA
5811,Base Jabón de Glicerina Argán Extra Plus - 1 Kg,0.0,8.0,41.0,-49.0,BAJA
9071,Esencia para Velas Durazno - 30 ml,0.0,1.0,48.0,-49.0,BAJA
6571,Jabón Glicerina Lufa - Frambuesa 100 Gr - 1 Unidad,2.0,0.0,51.0,-49.0,BAJA
5879,Esencia de Canela Naranja - 15 ml,0.0,19.0,31.0,-50.0,BAJA
9011,Esencia para Velas Blend Abrazo del Bosque - 30 ml,0.0,1.0,49.0,-50.0,BAJA
9246,Cera Soya APF o Pilar - 500 gr,0.0,1.0,49.0,-50.0,BAJA
6313,Base Jabón de Glicerina Extracto Matico - 1 Kg,0.0,11.0,39.0,-50.0,BAJA
8070,Pote Crema Vidrio transparente 50 ml Tapa Blanca con Contratapa - 1 Unidad,0.0,6.0,45.0,-51.0,BAJA
6673,Esencia de Arándanos - 15 ml,0.0,5.0,46.0,-51.0,BAJA
6317,Base Jabón de Glicerina Rosa Mosqueta - 1 Kg,0.0,7.0,44.0,-51.0,BAJA
9038,Esencia de Raspberry Pimienta - 15 ml,0.0,5.0,46.0,-51.0,BAJA
6492,Esencia de Sándalo - 15 ml,0.0,6.0,45.0,-51.0,BAJA
9278,Esencia de Piña - 15 ml,0.0,1.0,50.0,-51.0,BAJA
6197,Arcilla Caolín Blanca - 100 gr,0.0,30.0,22.0,-52.0,BAJA
6729,Jabón Glicerina Lufa - Berries 100 Gr - 1 Unidad,1.0,0.0,53.0,-52.0,BAJA
5828,Base Jabón de Glicerina Extracto de Propóleo - 1 Kg,0.0,12.0,40.0,-52.0,BAJA
5843,Esencia de Clavo de Olor - 15 ml,0.0,7.0,45.0,-52.0,BAJA
6573,Jabón Glicerina Lufa - Limón & Aloe 100 Gr - 1 Unidad,2.0,0.0,54.0,-52.0,BAJA
6480,Vitamina E - 100 gr,0.0,7.0,46.0,-53.0,BAJA
9075,Esencia para Velas Mango - 30 ml,0.0,4.0,49.0,-53.0,BAJA
6248,Base Jabón de Glicerina Coco-Palta Extra Plus - 1 Kg,0.0,7.0,46.0,-53.0,BAJA
6057,Lufa Natural,0.0,12.0,41.0,-53.0,BAJA
6617,Jabón Artesanal Glicerina - Lavanda 100 Gr - 1 Unidad,3.0,0.0,56.0,-53.0,BAJA
9044,Esencia de Piña Colada - 15 ml,0.0,9.0,44.0,-53.0,BAJA
6207,Base Jabón de Glicerina Extracto Café - 1 Kg,0.0,5.0,49.0,-54.0,BAJA
5925,Manzanilla Seca - 20 gr,0.0,19.0,35.0,-54.0,BAJA
6328,Esencia de Vainilla - 100 ml,0.0,10.0,44.0,-54.0,BAJA
6782,Esencia de Té Verde & Mandarina - 15 ml,0.0,18.0,36.0,-54.0,BAJA
6001,Tintura de Benjui - 100 ml,0.0,12.0,42.0,-54.0,BAJA
9003,Esencia para Velas Leche con Chocolate - 30 ml,0.0,1.0,53.0,-54.0,BAJA
5066,Bicarbonato de Sodio - 500 gr,0.0,10.0,45.0,-55.0,BAJA
9036,Esencia de Monoi - 15 ml,0.0,9.0,46.0,-55.0,BAJA
5882,Esencia de Geranio - 15 ml,0.0,3.0,52.0,-55.0,BAJA
5844,Esencia de Cherry - 15 ml,0.0,6.0,49.0,-55.0,BAJA
5894,Esencia de Ylang Ylang - 15 ml,0.0,11.0,44.0,-55.0,BAJA
5839,Esencia de Maqui - 15 ml,0.0,9.0,47.0,-56.0,BAJA
9018,Esencia para Velas Coco Chocolate - 30 ml,0.0,4.0,52.0,-56.0,BAJA
5868,Esencia de Patchouli - 15 ml,0.0,10.0,46.0,-56.0,BAJA
5895,Afrecho - 50 gr,0.0,32.0,25.0,-57.0,BAJA
6378,Botella Ambar 480cc Gatillo - 1 Unidad,0.0,10.0,47.0,-57.0,BAJA
6438,Bomba de Baño Mango & Durazno - 1 Unidad,0.0,4.0,54.0,-58.0,BAJA
6160,Bomba de Baño Lavanda - 1 Unidad,0.0,3.0,55.0,-58.0,BAJA
5927,Hierba Romero - 20 gr,0.0,4.0,54.0,-58.0,BAJA
6680,Esencia de Pomelo - 15 ml,0.0,6.0,53.0,-59.0,BAJA
5860,Esencia de Naranja - 15 ml,0.0,26.0,33.0,-59.0,BAJA
5830,Esencia de Azahar - 15 ml,0.0,2.0,57.0,-59.0,BAJA
5883,Esencia de Hibiscus - 15 ml,0.0,3.0,56.0,-59.0,BAJA
5946,Aceite de Almendras - 1 Litro,0.0,21.0,39.0,-60.0,BAJA
5849,Esencia de Jazmín - 15 ml,0.0,13.0,47.0,-60.0,BAJA
5942,Manteca de Karité - 500 gr,0.0,26.0,34.0,-60.0,BAJA
5924,Hierba Ruda - 20 gr,0.0,7.0,54.0,-61.0,BAJA
6871,Etiqueta Shampoo Artesanal - 10 Etiquetas,2.0,0.0,63.0,-61.0,BAJA
5813,Base Jabón de Glicerina Leche de Almendra Extra Plus - 1 Kg,0.0,7.0,54.0,-61.0,BAJA
5873,Esencia Místico Chai - 15 ml,0.0,2.0,59.0,-61.0,BAJA
6685,Capullos de Rosas - 20 gr,0.0,23.0,39.0,-62.0,BAJA
5929,Hierba Melisa - 20 gr,0.0,8.0,55.0,-63.0,BAJA
5958,Aceite de Coco - 100 ml,0.0,49.0,14.0,-63.0,BAJA
6250,Cosgard - 30 ml,0.0,24.0,39.0,-63.0,BAJA
5972,Ácido Cítrico - 1 Kg,0.0,14.0,49.0,-63.0,BAJA
5934,Flor de Hibisco - 20 gr,0.0,7.0,57.0,-64.0,BAJA
8203,Base Jabón de Glicerina Blanco Cuadraditos - 5 Kg,0.0,14.0,50.0,-64.0,BAJA
6410,Cera de Abeja Natural Pura - 50 gr,0.0,39.0,25.0,-64.0,BAJA
6017,Colorante Negro - 20 ml,0.0,8.0,56.0,-64.0,BAJA
6308,Base Jabón de Glicerina Extracto Centella Asiática - 1 Kg,0.0,3.0,61.0,-64.0,BAJA
6677,Esencia de Jengibre - 15 ml,0.0,7.0,57.0,-64.0,BAJA
5845,Esencia de Café - 15 ml,0.0,16.0,49.0,-65.0,BAJA
5976,Agua de Rosas Uso cosmético - 1 Litro,0.0,13.0,52.0,-65.0,BAJA
6447,Esencia de Papaya - 15 ml,0.0,2.0,64.0,-66.0,BAJA
5856,Esencia de Manzanilla - 15 ml,0.0,14.0,52.0,-66.0,BAJA
5933,Hojas de Matico - 20 gr,0.0,11.0,56.0,-67.0,BAJA
5960,Aceite de Monoi Perfumado Tiare - 100 ml,0.0,5.0,62.0,-67.0,BAJA
5893,Esencia de Violeta - 15 ml,0.0,6.0,62.0,-68.0,BAJA
9066,Alcohol Cetílico - Cera Lanette 16 - 100 gr,0.0,4.0,65.0,-69.0,BAJA
9124,Envase Atomizador Gatillo Vidrio Ambar - 300 mL,0.0,24.0,45.0,-69.0,BAJA
5817,Base Jabón de Glicerina Cocoa Butter - 1 Kg,0.0,7.0,62.0,-69.0,BAJA
9101,Centrador de Pabilos y Mechas - 1 Unidad,0.0,4.0,65.0,-69.0,BAJA
5866,Esencia de Sandia - 15 ml,0.0,29.0,40.0,-69.0,BAJA
8202,Base Jabón de Glicerina Blanco Cuadraditos - 500 gr,0.0,6.0,63.0,-69.0,BAJA
5837,Esencia de Capuchino - 15 ml,0.0,18.0,52.0,-70.0,BAJA
5892,Esencia de Verbena - 15 ml,0.0,8.0,62.0,-70.0,BAJA
6063,Jabón Glicerina Lufa - Naranja 100 Gr - 1 Unidad,1.0,0.0,71.0,-70.0,BAJA
6222,Esencia de Té Verde - 15 ml,0.0,4.0,66.0,-70.0,BAJA
5984,Cesta Redonda 18 cm - 1 Unidad,0.0,21.0,50.0,-71.0,BAJA
5823,Base Jabón de Glicerina Extracto Ruda - 1 Kg,0.0,12.0,60.0,-72.0,BAJA
5836,Esencia de Granada - 15 ml,0.0,3.0,69.0,-72.0,BAJA
6021,Pote crema vidrio 30ml Tapa blanca y contratapa - 1 Unidad,0.0,9.0,65.0,-74.0,BAJA
5881,Esencia de Frutilla - 15 ml,0.0,13.0,61.0,-74.0,BAJA
8110,SCI (Sodium Cocoyl Isethionate) Pellet - 100 gr,0.0,10.0,64.0,-74.0,BAJA
5880,Esencia de Durazno - 15 ml,0.0,7.0,67.0,-74.0,BAJA
6374,Botella pet tapa sal 250 ml - 1 Unidad,0.0,13.0,61.0,-74.0,BAJA
6666,Pote para Cremas y Labiales de Aluminio 15ml - 1 Unidad,115.0,0.0,189.0,-74.0,BAJA
9048,Esencia de Smoothie Fresa - 15 ml,0.0,1.0,73.0,-74.0,BAJA
6859,Bomba de Baño Granada - 1 Unidad,0.0,1.0,73.0,-74.0,BAJA
6166,Bomba de Baño Rosas - 1 Unidad,3.0,0.0,77.0,-74.0,BAJA
5874,Esencia de Frambuesa - 15 ml,0.0,11.0,63.0,-74.0,BAJA
6162,Bomba de Baño Calendula - Naranja - 1 Unidad,0.0,2.0,75.0,-77.0,BAJA
6983,Cera Candelilla - 50 gr,0.0,27.0,50.0,-77.0,BAJA
5937,Manteca de Cacao Natural - 100 gr,0.0,23.0,54.0,-77.0,BAJA
5833,Esencia de Bergamota - 15 ml,0.0,21.0,57.0,-78.0,BAJA
7057,Botella pet shampoo tapa transparente 100 ml - 1 Unidad,5.0,0.0,83.0,-78.0,BAJA
6404,Esencia de Limón de Pica - 15 ml,0.0,7.0,72.0,-79.0,BAJA
5975,Agua de Rosas Uso cosmético - 100 ml,0.0,27.0,53.0,-80.0,BAJA
5885,Esencia de Maracuyá - 15 ml,0.0,11.0,69.0,-80.0,BAJA
5926,Hierba de Menta - 20 gr,0.0,2.0,79.0,-81.0,BAJA
6620,Jabón Glicerina Lufa - Melisa 100 Gr - 1 Unidad,0.0,1.0,80.0,-81.0,BAJA
6936,Carbón Activado Vegetal - 100 gr,0.0,30.0,51.0,-81.0,BAJA
6955,Esencia de Berries - 15 ml,0.0,10.0,71.0,-81.0,BAJA
6475,Esencia de Rosas Rojas - 15 ml,0.0,6.0,76.0,-82.0,BAJA
6112,Retiro en Tienda,0.0,83.0,0.0,-83.0,BAJA
6247,Esencia de Caléndula - 15 ml,0.0,20.0,63.0,-83.0,BAJA
6519,Bomba de Baño Frutos Rojos - 1 Unidad,3.0,0.0,86.0,-83.0,BAJA
9257,Colorante para Velas Líquido - Negro,0.0,2.0,82.0,-84.0,BAJA
5889,Esencia de Ruda - 15 ml,0.0,18.0,66.0,-84.0,BAJA
6274,PT - Exfoliantes - Petalos Exfoliantes,6.0,0.0,91.0,-85.0,BAJA
9271,Botella Pet Atomizador Ambar 250 ML - 1 Unidad,0.0,8.0,77.0,-85.0,BAJA
8205,Sal Mineral - 1 Kg,0.0,1.0,84.0,-85.0,BAJA
5945,Aceite de Almendras - 500 ml,0.0,37.0,50.0,-87.0,BAJA
5978,Bicarbonato de Sodio - 1 Kg,0.0,16.0,71.0,-87.0,BAJA
5848,Esencia de Frutos Rojos - 15 ml,0.0,25.0,63.0,-88.0,BAJA
5957,Manteca de Cacao Natural - 50 gr,0.0,23.0,65.0,-88.0,BAJA
5840,Esencia de Chocolate - 15 ml,0.0,31.0,59.0,-90.0,BAJA
6762,Esencia de Mandarina Fresh - 15 ml,0.0,2.0,88.0,-90.0,BAJA
6688,Hierba Caléndula Seca - 7 gr,0.0,24.0,67.0,-91.0,BAJA
5858,Esencia de Miel - 15 ml,0.0,17.0,77.0,-94.0,BAJA
6309,Base Jabón de Glicerina Extracto Aloe Vera - 1 Kg,0.0,29.0,65.0,-94.0,BAJA
5857,Esencia de Mango - 15 ml,0.0,15.0,81.0,-96.0,BAJA
5832,Esencia de Almendras - 15 ml,0.0,16.0,81.0,-97.0,BAJA
8142,Botella Pet Atomizador Ambar 250 ML - 5 Unidades,0.0,4.0,96.0,-100.0,BAJA
7232,Envase vidrio transparente 50 mm 120 gr - Color Dorado,0.0,7.0,94.0,-101.0,BAJA
6147,Avena Tostada - 50 gr,0.0,14.0,88.0,-102.0,BAJA
5814,Base Jabón de Coco Natural Plus - 1 Kg,0.0,16.0,86.0,-102.0,BAJA
5819,Base Jabón de Glicerina Avena & Karite Extra Plus - 1 Kg,0.0,20.0,84.0,-104.0,BAJA
5850,Esencia de Manzana Canela - 15 ml,0.0,8.0,97.0,-105.0,BAJA
6218,Esencia de Vainilla - 15 ml,0.0,34.0,71.0,-105.0,BAJA
8125,Envase Labial Kraft 5ml - 10 Unidades,0.0,8.0,97.0,-105.0,BAJA
6315,Base Jabón de Glicerina Carbón Activado - 1 Kg,0.0,22.0,85.0,-107.0,BAJA
7022,Flor de Lavanda - 20 gr,0.0,21.0,87.0,-108.0,BAJA
5852,Esencia de Naranja Chocolate - 15 ml,0.0,14.0,95.0,-109.0,BAJA
6314,"Base Jabón de Glicerina 3 mantecas (Cacao, Mango y Karite) - 1 Kg",0.0,52.0,59.0,-111.0,BAJA
6165,Bomba de Baño Frambuesa - 1 Unidad,0.0,1.0,112.0,-113.0,BAJA
5822,Base Jabón de Glicerina Extracto Caléndula - 1 Kg,0.0,14.0,99.0,-113.0,BAJA
6426,Vitamina E - 30 gr,0.0,43.0,73.0,-116.0,BAJA
6865,Molde Bomba de Baño Acero Inox. 45mm,0.0,2.0,114.0,-116.0,BAJA
6014,Colorante Azul - 20 ml,0.0,46.0,70.0,-116.0,BAJA
6148,Colorante Rosa - 20 ml,0.0,37.0,84.0,-121.0,BAJA
7200,Aceite de Coco Fraccionado - 100 ml,0.0,53.0,68.0,-121.0,BAJA
9239,Pipetas Graduadas 10U - 10 Unidades,0.0,1.0,122.0,-123.0,BAJA
6861,Alcohol de Cereal - 1 Litro,0.0,53.0,71.0,-124.0,BAJA
6312,Base Jabón de Glicerina Extracto Manzanilla - 1 Kg,0.0,9.0,117.0,-126.0,BAJA
6032,Botella de Vidrio Cuadrada Tapa Corcho 250 ml - 1 Unidad,0.0,15.0,111.0,-126.0,BAJA
5941,Manteca de Karité - 100 gr,0.0,95.0,36.0,-131.0,BAJA
5816,Base Jabón de Glicerina con Leche de Cabra - 1 Kg,0.0,29.0,103.0,-132.0,BAJA
5859,Esencia de Melisa - 15 ml,0.0,15.0,117.0,-132.0,BAJA
8057,Envase Tarrito Kraft - 1 Unidad,2.0,0.0,135.0,-133.0,BAJA
5993,Prolijador 100ml,0.0,34.0,99.0,-133.0,BAJA
5847,Esencia de Eucalipto - 15 ml,0.0,15.0,121.0,-136.0,BAJA
6151,Colorante Rojo - 20 ml,0.0,49.0,88.9,-137.9,BAJA
6009,Aceite de Rosa Mosqueta - 100 ml,0.0,76.0,68.0,-144.0,BAJA
6016,Colorante Salmón - 20 ml,0.0,20.0,124.0,-144.0,BAJA
6012,Colorante Amarillo - 20 ml,0.0,59.0,86.0,-145.0,BAJA
6150,Colorante Violeta - 20 ml,0.0,50.0,96.0,-146.0,BAJA
5846,Esencia de Coco - 15 ml,0.0,41.0,107.0,-148.0,BAJA
5863,Esencia de Pétalos Rosas - 15 ml,0.0,26.0,124.0,-150.0,BAJA
5864,Esencia de Romero - 15 ml,0.0,16.0,134.0,-150.0,BAJA
6187,"Atomizador negro, botella vidrio Ambar 60 ml - 1 Unidad, Negro",0.0,8.0,145.0,-153.0,BAJA
5851,Esencia de Lavanda - 15 ml,0.0,69.0,85.0,-154.0,BAJA
6149,Colorante Verde - 20 ml,0.0,40.0,130.0,-170.0,BAJA
6376,Envase PET Ovalado tapa flip top 60 ml - 1 Unidad,0.0,21.0,156.0,-177.0,BAJA
6005,Aceite de Jojoba - 100 ml,0.0,99.0,80.0,-179.0,BAJA
5944,Aceite de Almendras - 100 ml,0.0,102.0,78.0,-180.0,BAJA
9254,Colorante para Velas Líquido - Rojo - 5 mL,0.0,9.0,175.0,-184.0,BAJA
8055,Envase Cremero Kraft - 1 Unidad,1.0,0.0,186.0,-185.0,BAJA
8062,Envase vidrio ambar 50 mm 120 grs tapa alumínio negra - 1 Unidad,0.0,10.0,183.0,-193.0,BAJA
9256,Colorante para Velas Líquido - Violeta - 5 mL,0.0,6.0,197.0,-203.0,BAJA
9250,Colorante para Velas Líquido - Amarillo - 5 mL,0.0,8.0,208.0,-216.0,BAJA
9255,Colorante para Velas Líquido - Verde - 5 mL,0.0,4.0,222.0,-226.0,BAJA
6007,Aceite de Ricino - 100 ml,0.0,124.0,115.0,-239.0,BAJA
9251,Colorante para Velas Líquido - Azul - 5 mL,0.0,4.0,240.0,-244.0,BAJA
6030,Pote para Cremas y Exfoliantes de Aluminio 100 ml - 1 Unidad,0.0,1.0,243.0,-244.0,BAJA
6040,Atomizador PET 30 ml - 1 Unidad,0.0,2.0,247.0,-249.0,BAJA
9252,Colorante para Velas Líquido - Naranjo - 5 mL,0.0,8.0,243.0,-251.0,BAJA
6029,Pote para Cremas y Exfoliantes de Aluminio 60 ml - 1 Unidad,0.0,4.0,323.0,-327.0,BAJA
6925,Envase generador de espuma 150ml - 1 Unidad,25.0,0.0,365.0,-340.0,BAJA
6886,Botella Campana PET 30 ml Tapa plateada - 1 Unidad,48.0,0.0,423.0,-375.0,BAJA
6024,Pote Crema Vidrio Ambar 30ml Tapa Negra - 1 Unidad,0.0,15.0,427.0,-442.0,BAJA
8266,Botella Difusor Colgante 8cc - 20 Unidades,0.0,1.0,479.0,-480.0,BAJA
6372,Atomizador PET 100 ml - 1 Unidad,0.0,17.0,483.0,-500.0,BAJA
1010,Botella Pet Dispensador Ambar 250 ML - 1 Unidad,0.0,111.0,450.0,-561.0,BAJA
6518,Base Jabón de Glicerina Blanco Cuadraditos - 1 Kg,0.0,129.0,467.0,-596.0,BAJA
16887,"Envase Botella Ambar con Gotario 30 ml - 1 Unidad, Sin Precinto",0.0,44.0,582.0,-626.0,BAJA
6128,Base Jabón de Glicerina Cristal Cuadraditos - 1 Kg,0.0,129.0,564.0,-693.0,BAJA
6864,Envase dispensador vidrio 30 ml - 1 Unidad,0.0,18.0,710.0,-728.0,BAJA
6039,Atomizador PET 60 ml - 1 Unidad,0.0,1.0,844.0,-845.0,BAJA
8073,Roll on vidrio ambar 10 ml tapa negra mate - 1 Unidad,0.0,23.0,1089.0,-1112.0,BAJA
9275,Labial Lipstick transparente 5 ml - 1 Unidad,0.0,12.0,1909.0,-1921.0,BAJA
